{"max": [0.54556, 0.436535, 0.542989], "centroid": [-9.833162684896887e-06, 0.17737494055745132, 9.833162684872762e-06], "id": "3152bd6fb7bf09d625ebd1cd0b422e32", "numVertices": 879, "min": [-0.542989, 0.0, -0.54556]}
