{"max": [0.12065, 0.290285, 0.051611], "centroid": [0.05079999696969692, 0.15601815151515153, -0.1372631818181819], "id": "7dd57384aa290a835821cea205f2a4bb", "numVertices": 132, "min": [-0.01905, 0.0, -0.2032]}
