{"max": [0.0519394, 0.361441, 0.274782], "centroid": [0.009514066574074073, 0.2225925750000002, 0.23235698379629607], "id": "5ad47181a9026fc728cc22dce7529b69", "numVertices": 432, "min": [-0.0329112, 0.00152164, 0.189932]}
