{"max": [0.90805, 0.536575, 0.34417], "centroid": [0.45084999290780087, 0.3151702931442073, 0.1517244820330959], "id": "17624075a52c9b15cab01e89f60c9290", "numVertices": 1692, "min": [-0.00635, 0.0, -0.03937]}
