{"max": [0.2, 0.4, 0.2], "centroid": [2.760923474286596e-16, 0.19999999684537068, 8.305651556169416e-18], "id": "8d87b950d8e192f5f51f77a6d7299806", "numVertices": 4514, "min": [-0.2, 0.0, -0.2]}
