{"max": [1.93338, 0.660256, 0.0], "centroid": [0.9584937062452297, 0.4177991154378731, -1.0087589982291993], "id": "24d1d32aa33c38716a97150bb2a72733", "numVertices": 8233, "min": [-0.0142875, -0.0142875, -2.00963]}
