{"max": [-1.27507, 1.0306, 0.95074], "centroid": [-1.696189404958678, 0.5468123560330587, 0.5196042421487604], "id": "a258544f4f27cb7fbbdc99ec57ef9c40", "numVertices": 1210, "min": [-2.12254, 0.0, 0.103269]}
