{"max": [0.430035, 0.179461, 0.26504], "centroid": [0.2922251052927917, 0.08845029170270251, 0.127229903016216], "id": "c8d8974642d4e88e906c240b881af04f", "numVertices": 1776, "min": [0.154415, -0.001222, -0.01058]}
