{"max": [0.869797, 1.35091, 0.860811], "centroid": [0.027599828756944462, 0.766259333333335, 0.01861406588541672], "id": "d6b61af7935d36a6f0aeabfdcb4e1dd9", "numVertices": 576, "min": [-0.814597, 0.0, -0.823583]}
