{"max": [0.0921619, 0.0939276, 0.0266651], "centroid": [0.05910915597335879, 0.04070170356707902, 0.019395687386299074], "id": "235a6dd25c0a6f7b66f19f26ac490096", "numVertices": 4204, "min": [-0.0618828, -0.00135751, -0.0443133]}
